Cell ID,Birth Frame,Death Frame
1,1,51
2,1,121
3,1,78
4,1,6
5,1,6
6,1,75
7,1,101
8,1,38
9,1,175
10,1,89
11,1,27
12,1,64
13,1,71
14,1,74
15,1,69
16,1,106
17,1,60
18,1,123
19,1,41
20,1,107
21,1,133
22,1,175
23,1,175
24,1,130
25,1,48
26,1,35
27,1,148
28,1,120
29,1,100
30,1,120
31,1,141
32,1,148
33,1,140
34,1,175
35,1,62
36,1,5
37,1,99
38,1,152
39,1,82
40,1,99
41,1,53
42,1,38
43,1,141
44,1,166
45,1,63
46,1,175
47,1,175
48,1,22
49,1,136
50,1,59
51,1,51
52,1,81
53,1,101
54,1,175
55,1,123
56,1,175
57,1,112
58,1,175
59,1,130
60,1,175
61,1,49
62,1,132
63,1,160
64,1,87
65,1,118
66,1,175
67,1,147
68,1,6
69,1,78
70,1,130
71,1,72
72,1,71
73,1,109
74,1,175
75,1,1
76,1,175
77,1,175
78,1,66
79,1,116
80,1,175
81,1,12
82,1,94
83,1,129
84,1,111
85,1,80
86,1,118
87,1,175
88,1,62
89,1,17
90,1,40
91,1,139
92,1,147
93,1,175
94,1,99
95,1,144
96,1,88
97,1,175
98,1,175
99,1,175
100,1,129
101,1,79
102,1,159
103,1,136
104,1,124
105,1,175
106,1,71
107,1,165
108,1,87
109,1,129
110,1,125
111,1,175
112,1,84
113,1,93
114,1,172
115,1,160
116,1,86
117,1,52
118,1,164
119,1,9
120,1,73
121,1,175
122,1,117
123,1,56
124,1,170
125,1,44
126,1,117
127,1,119
128,1,57
129,1,160
130,1,97
131,1,63
132,1,75
133,1,99
134,1,172
135,1,46
136,1,174
137,1,143
138,1,107
139,1,175
140,1,130
141,1,42
142,1,160
143,1,59
144,1,72
145,1,52
146,1,175
147,1,64
148,1,119
149,1,113
150,1,131
151,1,99
152,1,105
153,1,175
154,1,32
155,1,125
156,1,175
157,1,105
158,1,75
159,1,92
160,1,111
161,1,112
162,1,160
163,1,175
164,1,152
165,1,130
166,1,175
167,1,87
168,1,162
169,1,44
170,1,75
171,1,82
172,1,142
173,1,105
174,1,115
175,1,22
176,1,64
177,1,175
178,1,118
179,1,87
180,1,139
181,1,147
182,1,152
183,1,175
184,1,168
185,1,175
186,1,89
187,1,52
188,1,144
189,1,101
190,1,106
191,1,152
192,1,52
193,1,175
194,1,55
195,1,84
196,1,175
197,1,140
198,1,118
199,1,135
200,1,36
201,1,175
202,1,166
203,1,68
204,1,164
205,1,83
206,1,1
207,1,175
208,1,106
209,1,175
210,1,67
211,1,142
212,1,132
213,1,33
214,1,49
215,1,23
216,1,72
217,1,154
218,1,110
219,1,60
220,1,87
221,1,60
222,1,165
223,1,138
224,1,175
225,1,170
226,1,6
227,1,34
228,1,175
229,1,124
230,1,97
231,1,175
232,1,95
233,1,62
234,1,134
235,1,33
236,1,18
237,1,102
238,1,80
239,1,41
240,1,58
241,1,1
242,1,86
243,1,175
244,1,116
245,1,175
246,1,116
247,1,76
248,1,175
249,1,34
250,1,127
251,1,45
252,1,110
253,1,120
254,1,96
255,1,88
256,1,61
257,1,62
258,1,63
259,1,60
260,1,6
261,1,66
262,1,125
263,1,38
264,1,175
265,1,91
266,1,56
267,1,150
268,1,145
269,1,122
270,1,57
271,1,121
272,1,175
273,1,166
274,1,26
275,1,27
276,1,147
277,1,175
278,1,155
279,1,98
280,1,49
281,1,102
282,1,39
283,1,74
284,1,14
285,1,118
286,1,3
287,1,86
288,2,13
289,2,4
290,2,2
291,2,2
292,2,6
293,3,3
294,3,4
295,3,28
296,3,3
297,3,3
298,3,22
299,4,7
300,4,6
301,5,5
302,5,5
303,6,6
304,6,8
305,6,6
306,6,6
307,6,7
308,7,7
309,8,45
310,8,8
311,8,8
312,8,10
313,10,11
314,10,11
315,10,10
316,10,10
317,11,26
318,11,11
319,11,14
320,11,11
321,12,26
322,12,13
323,12,12
324,13,15
325,13,56
326,13,13
327,14,14
328,14,14
329,14,20
330,14,14
331,15,77
332,15,19
333,15,15
334,15,17
335,16,88
336,16,18
337,17,17
338,17,19
339,17,17
340,17,20
341,17,18
342,18,18
343,18,18
344,18,18
345,18,18
346,19,30
347,19,55
348,20,20
349,20,23
350,20,79
351,21,23
352,21,23
353,22,23
354,22,28
355,22,24
356,22,26
357,22,134
358,23,24
359,24,28
360,24,24
361,24,28
362,24,25
363,25,25
364,25,25
365,26,168
366,26,26
367,26,26
368,26,26
369,26,30
370,26,30
371,26,27
372,27,28
373,27,27
374,28,29
375,28,30
376,29,29
377,29,29
378,29,30
379,29,175
380,29,29
381,29,74
382,29,41
383,30,30
384,30,30
385,30,38
386,31,70
387,31,175
388,32,33
389,32,32
390,32,40
391,32,45
392,32,38
393,32,32
394,32,32
395,32,32
396,32,54
397,33,33
398,33,33
399,34,52
400,34,36
401,34,34
402,34,42
403,35,36
404,35,36
405,35,41
406,35,36
407,35,36
408,35,35
409,35,37
410,35,48
411,36,36
412,36,36
413,36,36
414,36,36
415,36,36
416,36,37
417,36,36
418,38,115
419,38,40
420,38,54
421,39,39
422,39,57
423,39,39
424,39,40
425,40,48
426,40,42
427,40,96
428,40,40
429,40,42
430,41,42
431,41,41
432,41,43
433,42,42
434,42,43
435,42,43
436,43,43
437,43,144
438,43,116
439,43,43
440,43,44
441,43,44
442,43,49
443,43,47
444,44,44
445,44,45
446,44,44
447,44,44
448,44,175
449,44,49
450,44,80
451,44,44
452,44,44
453,44,45
454,44,45
455,45,120
456,45,45
457,45,49
458,45,122
459,45,45
460,46,46
461,46,49
462,46,46
463,46,48
464,46,56
465,46,49
466,46,46
467,47,165
468,47,110
469,47,47
470,47,47
471,47,50
472,48,50
473,48,48
474,48,48
475,48,50
476,48,48
477,48,48
478,48,49
479,48,48
480,48,50
481,48,49
482,48,51
483,48,49
484,48,48
485,48,49
486,48,48
487,48,48
488,48,49
489,48,48
490,48,49
491,48,49
492,48,49
493,48,48
494,49,49
495,49,49
496,50,50
497,50,52
498,50,72
499,50,54
500,50,50
501,51,175
502,51,51
503,51,59
504,51,54
505,51,51
506,51,51
507,51,51
508,51,55
509,51,149
510,51,56
511,51,51
512,51,54
513,51,51
514,51,53
515,51,51
516,52,53
517,52,53
518,52,54
519,52,52
520,52,91
521,52,52
522,52,55
523,53,53
524,53,128
525,53,54
526,53,56
527,53,53
528,53,132
529,53,66
530,53,61
531,53,65
532,53,119
533,53,53
534,54,54
535,54,61
536,54,55
537,54,54
538,54,54
539,54,57
540,54,60
541,54,132
542,54,54
543,54,56
544,54,87
545,54,54
546,54,55
547,54,56
548,54,114
549,54,56
550,54,54
551,55,71
552,55,137
553,55,67
554,55,55
555,55,113
556,56,56
557,56,175
558,56,56
559,56,56
560,56,56
561,56,56
562,56,57
563,56,57
564,56,56
565,56,56
566,56,121
567,56,56
568,56,56
569,56,56
570,56,58
571,56,56
572,56,57
573,57,59
574,57,74
575,57,111
576,58,59
577,58,58
578,58,70
579,58,94
580,58,88
581,58,58
582,59,60
583,59,60
584,59,59
585,59,60
586,59,59
587,59,129
588,59,61
589,59,59
590,59,60
591,59,60
592,59,97
593,59,142
594,59,60
595,59,59
596,59,59
597,59,116
598,59,60
599,59,85
600,59,59
601,59,76
602,59,70
603,59,60
604,59,59
605,59,101
606,60,62
607,60,64
608,60,60
609,60,60
610,60,71
611,60,115
612,60,60
613,60,61
614,60,60
615,61,175
616,61,130
617,61,61
618,61,62
619,61,61
620,61,67
621,61,66
622,61,63
623,61,66
624,62,62
625,62,62
626,62,62
627,62,62
628,62,64
629,62,69
630,62,62
631,62,66
632,62,62
633,62,62
634,62,75
635,62,78
636,63,65
637,63,63
638,63,130
639,63,63
640,63,72
641,63,67
642,63,64
643,63,63
644,63,70
645,63,89
646,63,63
647,63,80
648,63,64
649,63,66
650,64,64
651,64,64
652,64,64
653,64,136
654,64,64
655,64,66
656,64,78
657,64,64
658,64,67
659,64,64
660,64,66
661,64,68
662,64,66
663,64,88
664,64,65
665,65,66
666,65,67
667,65,96
668,65,65
669,65,67
670,65,65
671,65,66
672,65,71
673,65,66
674,65,85
675,65,101
676,65,67
677,66,66
678,66,70
679,66,66
680,66,67
681,66,74
682,66,67
683,66,67
684,66,87
685,66,66
686,66,87
687,66,87
688,66,66
689,66,175
690,66,66
691,66,66
692,66,66
693,66,67
694,66,66
695,66,66
696,66,66
697,66,66
698,66,67
699,66,66
700,67,67
701,67,67
702,67,68
703,67,67
704,67,69
705,68,74
706,68,154
707,68,69
708,68,68
709,68,72
710,68,68
711,68,68
712,68,73
713,68,68
714,68,74
715,68,76
716,68,70
717,69,96
718,69,76
719,69,69
720,69,69
721,69,70
722,69,70
723,69,113
724,69,70
725,69,70
726,69,82
727,69,74
728,69,87
729,69,72
730,70,92
731,70,70
732,70,130
733,70,70
734,70,72
735,70,70
736,70,144
737,70,70
738,70,70
739,70,109
740,70,76
741,70,71
742,70,70
743,70,81
744,70,70
745,71,77
746,71,71
747,71,72
748,71,78
749,71,144
750,71,71
751,71,74
752,71,76
753,71,71
754,71,76
755,71,82
756,71,78
757,71,72
758,72,126
759,72,72
760,72,122
761,72,75
762,72,74
763,72,75
764,72,140
765,72,72
766,72,75
767,72,72
768,72,132
769,72,75
770,72,72
771,72,72
772,72,74
773,72,77
774,73,136
775,73,75
776,73,74
777,73,175
778,73,73
779,73,73
780,73,148
781,73,78
782,73,75
783,73,76
784,73,74
785,73,74
786,73,130
787,73,78
788,73,166
789,73,74
790,74,77
791,74,74
792,74,75
793,74,74
794,74,74
795,74,74
796,74,74
797,74,74
798,74,74
799,74,74
800,74,74
801,74,74
802,74,74
803,74,74
804,74,74
805,74,75
806,75,77
807,75,89
808,75,90
809,75,76
810,75,82
811,75,75
812,76,78
813,76,82
814,76,105
815,76,78
816,76,76
817,76,76
818,76,76
819,76,78
820,76,128
821,76,76
822,76,76
823,76,109
824,76,86
825,77,82
826,77,81
827,77,77
828,77,83
829,77,79
830,77,78
831,77,159
832,77,144
833,77,81
834,77,80
835,77,89
836,77,78
837,77,78
838,77,91
839,77,82
840,77,81
841,78,111
842,78,137
843,78,78
844,78,78
845,78,85
846,78,78
847,78,78
848,78,78
849,78,78
850,78,78
851,78,91
852,78,78
853,78,88
854,78,95
855,78,79
856,78,96
857,78,153
858,78,106
859,78,85
860,78,86
861,78,118
862,78,78
863,78,78
864,79,79
865,79,79
866,79,87
867,79,81
868,79,118
869,79,79
870,80,99
871,80,82
872,80,131
873,80,81
874,80,142
875,80,80
876,80,80
877,80,96
878,80,81
879,80,81
880,80,81
881,80,91
882,80,98
883,80,80
884,80,80
885,80,144
886,80,85
887,80,89
888,81,86
889,81,86
890,81,82
891,81,82
892,81,81
893,81,82
894,81,85
895,81,175
896,81,82
897,81,121
898,81,81
899,81,84
900,81,81
901,81,81
902,81,82
903,81,82
904,82,85
905,82,82
906,82,82
907,82,82
908,82,82
909,82,82
910,82,161
911,82,82
912,82,86
913,82,82
914,82,88
915,82,82
916,82,82
917,82,152
918,83,85
919,83,92
920,83,84
921,83,87
922,83,159
923,83,86
924,83,125
925,84,95
926,84,84
927,84,84
928,84,84
929,84,136
930,84,102
931,84,166
932,84,84
933,84,84
934,84,86
935,84,154
936,84,84
937,84,175
938,84,85
939,84,89
940,84,84
941,84,175
942,84,98
943,84,86
944,84,101
945,84,104
946,84,100
947,84,86
948,84,96
949,84,103
950,84,89
951,84,85
952,84,88
953,84,86
954,85,85
955,85,94
956,85,85
957,85,87
958,85,86
959,85,96
960,85,85
961,85,128
962,85,85
963,85,85
964,85,91
965,85,86
966,85,85
967,85,111
968,85,147
969,85,86
970,86,92
971,86,86
972,86,86
973,86,86
974,86,86
975,86,88
976,86,86
977,86,106
978,87,175
979,87,88
980,87,88
981,87,91
982,87,89
983,87,145
984,87,166
985,87,121
986,87,89
987,88,93
988,88,92
989,88,97
990,88,88
991,88,88
992,88,88
993,88,88
994,88,112
995,88,89
996,88,88
997,88,88
998,88,94
999,88,111
1000,88,93
1001,88,89
1002,89,93
1003,89,175
1004,89,93
1005,89,157
1006,89,104
1007,89,89
1008,89,89
1009,89,91
1010,89,92
1011,89,90
1012,89,93
1013,89,93
1014,90,92
1015,91,94
1016,91,93
1017,91,101
1018,91,95
1019,91,92
1020,91,91
1021,91,93
1022,91,91
1023,91,93
1024,91,91
1025,91,91
1026,91,91
1027,91,98
1028,91,92
1029,91,94
1030,91,93
1031,91,94
1032,91,99
1033,91,98
1034,91,92
1035,91,110
1036,92,152
1037,92,92
1038,92,92
1039,92,92
1040,92,93
1041,92,92
1042,93,99
1043,93,95
1044,93,93
1045,93,96
1046,93,94
1047,93,163
1048,93,141
1049,93,94
1050,93,93
1051,94,104
1052,94,94
1053,94,94
1054,94,96
1055,94,100
1056,94,106
1057,94,94
1058,94,94
1059,94,94
1060,95,175
1061,95,96
1062,95,114
1063,95,112
1064,95,97
1065,95,144
1066,95,99
1067,95,97
1068,95,99
1069,95,95
1070,95,96
1071,95,96
1072,95,95
1073,95,97
1074,95,150
1075,95,96
1076,95,96
1077,95,97
1078,95,98
1079,96,97
1080,96,101
1081,96,97
1082,96,107
1083,96,96
1084,96,96
1085,96,97
1086,96,96
1087,96,96
1088,96,96
1089,96,175
1090,96,96
1091,96,96
1092,96,97
1093,96,121
1094,96,96
1095,96,118
1096,96,98
1097,97,97
1098,97,97
1099,97,170
1100,97,114
1101,98,98
1102,98,98
1103,98,98
1104,98,108
1105,98,98
1106,98,175
1107,98,119
1108,98,113
1109,98,102
1110,98,98
1111,98,106
1112,98,98
1113,98,102
1114,98,98
1115,99,101
1116,99,117
1117,99,101
1118,99,106
1119,99,99
1120,99,102
1121,99,99
1122,99,103
1123,99,99
1124,99,130
1125,99,103
1126,100,100
1127,100,155
1128,100,110
1129,100,100
1130,100,102
1131,100,100
1132,100,175
1133,100,100
1134,100,107
1135,100,106
1136,100,103
1137,100,107
1138,100,101
1139,100,144
1140,100,100
1141,100,101
1142,100,100
1143,100,112
1144,100,100
1145,100,138
1146,100,116
1147,100,139
1148,100,128
1149,100,111
1150,101,148
1151,101,101
1152,101,110
1153,101,103
1154,101,101
1155,101,149
1156,101,102
1157,101,106
1158,101,105
1159,101,113
1160,101,101
1161,101,101
1162,101,101
1163,101,129
1164,101,104
1165,101,102
1166,101,104
1167,101,127
1168,102,104
1169,102,102
1170,102,102
1171,102,104
1172,102,102
1173,102,102
1174,102,106
1175,102,102
1176,102,121
1177,102,123
1178,102,102
1179,103,105
1180,103,105
1181,103,111
1182,103,103
1183,103,103
1184,103,103
1185,103,175
1186,103,103
1187,103,136
1188,103,103
1189,103,144
1190,103,103
1191,104,104
1192,104,104
1193,104,106
1194,104,104
1195,104,104
1196,104,104
1197,104,105
1198,104,106
1199,104,111
1200,104,131
1201,104,104
1202,104,104
1203,104,104
1204,104,106
1205,104,104
1206,104,104
1207,104,162
1208,105,117
1209,105,105
1210,105,148
1211,105,127
1212,105,175
1213,105,147
1214,105,175
1215,105,116
1216,105,112
1217,105,106
1218,105,108
1219,106,106
1220,106,107
1221,106,140
1222,106,112
1223,106,106
1224,106,132
1225,106,106
1226,106,106
1227,106,106
1228,106,109
1229,106,107
1230,106,110
1231,106,106
1232,106,106
1233,106,106
1234,106,175
1235,106,106
1236,106,106
1237,106,111
1238,106,108
1239,106,129
1240,106,113
1241,106,106
1242,107,136
1243,107,113
1244,107,175
1245,107,111
1246,107,111
1247,108,108
1248,108,110
1249,108,147
1250,108,172
1251,108,112
1252,108,110
1253,108,108
1254,108,110
1255,108,110
1256,108,110
1257,108,110
1258,109,168
1259,109,161
1260,109,111
1261,109,109
1262,109,110
1263,109,110
1264,109,116
1265,109,110
1266,109,109
1267,109,109
1268,109,113
1269,109,110
1270,110,110
1271,110,112
1272,110,112
1273,110,110
1274,110,141
1275,110,110
1276,111,175
1277,111,111
1278,111,113
1279,111,125
1280,111,113
1281,111,111
1282,111,165
1283,112,113
1284,112,117
1285,112,116
1286,112,115
1287,112,112
1288,112,119
1289,112,112
1290,112,122
1291,112,115
1292,112,112
1293,112,119
1294,112,116
1295,112,116
1296,112,116
1297,112,175
1298,112,120
1299,112,175
1300,112,113
1301,112,113
1302,113,117
1303,113,113
1304,113,113
1305,113,118
1306,113,113
1307,113,146
1308,113,118
1309,113,113
1310,113,115
1311,113,114
1312,113,113
1313,113,119
1314,113,113
1315,114,124
1316,114,114
1317,114,125
1318,114,121
1319,114,114
1320,114,114
1321,114,114
1322,115,122
1323,115,115
1324,115,115
1325,115,116
1326,115,124
1327,115,116
1328,115,175
1329,115,115
1330,115,119
1331,115,116
1332,115,119
1333,115,115
1334,115,175
1335,115,115
1336,115,115
1337,116,175
1338,116,118
1339,116,118
1340,116,134
1341,116,117
1342,116,124
1343,116,175
1344,116,175
1345,116,156
1346,116,117
1347,116,116
1348,116,125
1349,116,149
1350,116,117
1351,116,116
1352,116,116
1353,117,120
1354,117,175
1355,117,175
1356,118,118
1357,118,121
1358,118,118
1359,118,118
1360,118,118
1361,118,119
1362,118,119
1363,118,118
1364,118,118
1365,118,129
1366,118,119
1367,118,118
1368,118,130
1369,118,118
1370,118,152
1371,118,119
1372,118,119
1373,118,119
1374,118,119
1375,118,119
1376,118,119
1377,118,118
1378,118,118
1379,118,164
1380,118,175
1381,118,141
1382,118,141
1383,118,118
1384,119,144
1385,119,126
1386,119,119
1387,119,149
1388,119,124
1389,119,119
1390,119,120
1391,119,119
1392,119,121
1393,120,120
1394,120,166
1395,120,120
1396,120,120
1397,120,120
1398,120,120
1399,120,120
1400,120,120
1401,120,121
1402,120,120
1403,120,121
1404,120,175
1405,120,175
1406,121,132
1407,121,122
1408,121,125
1409,121,175
1410,121,129
1411,121,125
1412,121,121
1413,121,121
1414,121,121
1415,121,130
1416,122,127
1417,122,144
1418,122,132
1419,122,175
1420,122,130
1421,122,122
1422,122,175
1423,122,122
1424,122,148
1425,122,134
1426,122,128
1427,122,125
1428,122,144
1429,123,123
1430,123,175
1431,123,124
1432,123,129
1433,123,123
1434,123,124
1435,123,133
1436,123,150
1437,123,125
1438,123,125
1439,123,144
1440,123,175
1441,123,124
1442,123,136
1443,123,123
1444,123,129
1445,123,134
1446,123,123
1447,123,124
1448,123,128
1449,123,124
1450,123,123
1451,123,123
1452,123,123
1453,123,128
1454,124,144
1455,124,124
1456,124,143
1457,124,166
1458,124,124
1459,124,128
1460,124,124
1461,124,124
1462,124,124
1463,124,124
1464,124,124
1465,124,124
1466,124,125
1467,125,145
1468,125,141
1469,125,125
1470,125,125
1471,125,125
1472,125,125
1473,125,142
1474,125,125
1475,126,130
1476,126,158
1477,126,126
1478,126,126
1479,126,126
1480,126,126
1481,126,126
1482,126,126
1483,126,126
1484,126,126
1485,126,126
1486,127,134
1487,127,127
1488,127,127
1489,127,127
1490,127,175
1491,127,127
1492,127,132
1493,127,129
1494,127,175
1495,127,128
1496,127,128
1497,127,175
1498,127,156
1499,127,129
1500,127,130
1501,127,128
1502,127,128
1503,128,129
1504,128,147
1505,128,129
1506,128,130
1507,128,175
1508,128,130
1509,128,130
1510,128,137
1511,128,128
1512,128,143
1513,128,128
1514,128,135
1515,128,130
1516,129,140
1517,129,141
1518,129,130
1519,129,131
1520,129,129
1521,129,175
1522,129,129
1523,129,129
1524,129,129
1525,129,129
1526,130,131
1527,130,130
1528,130,175
1529,130,130
1530,130,132
1531,130,134
1532,130,158
1533,130,130
1534,131,133
1535,131,140
1536,131,132
1537,131,131
1538,131,131
1539,131,132
1540,131,142
1541,132,132
1542,132,134
1543,132,132
1544,132,175
1545,132,132
1546,132,140
1547,132,175
1548,132,134
1549,132,139
1550,132,132
1551,132,134
1552,132,141
1553,132,175
1554,132,132
1555,132,132
1556,132,132
1557,132,132
1558,132,132
1559,132,132
1560,132,132
1561,132,160
1562,132,132
1563,132,135
1564,132,132
1565,132,132
1566,132,138
1567,132,134
1568,132,134
1569,132,154
1570,132,132
1571,132,175
1572,132,134
1573,132,135
1574,132,147
1575,133,137
1576,133,137
1577,133,138
1578,133,147
1579,134,174
1580,134,135
1581,134,134
1582,134,134
1583,134,134
1584,134,134
1585,134,134
1586,134,175
1587,134,134
1588,134,137
1589,134,134
1590,134,134
1591,134,139
1592,134,139
1593,134,136
1594,134,137
1595,134,136
1596,134,175
1597,134,175
1598,134,134
1599,134,135
1600,134,137
1601,134,144
1602,134,138
1603,134,134
1604,134,134
1605,134,134
1606,134,135
1607,134,134
1608,134,134
1609,135,141
1610,135,135
1611,135,135
1612,135,175
1613,135,175
1614,136,137
1615,136,136
1616,136,138
1617,136,146
1618,136,138
1619,136,138
1620,136,136
1621,136,136
1622,136,138
1623,136,139
1624,136,136
1625,136,136
1626,137,138
1627,137,175
1628,137,139
1629,137,137
1630,137,147
1631,137,175
1632,137,175
1633,138,138
1634,138,139
1635,138,138
1636,138,175
1637,138,138
1638,138,138
1639,138,138
1640,138,139
1641,138,140
1642,138,138
1643,138,144
1644,138,138
1645,138,139
1646,138,139
1647,138,175
1648,138,138
1649,139,139
1650,139,139
1651,139,139
1652,139,139
1653,139,141
1654,139,144
1655,139,139
1656,139,140
1657,139,139
1658,139,139
1659,139,139
1660,139,175
1661,139,139
1662,140,141
1663,140,175
1664,140,140
1665,140,145
1666,140,140
1667,140,144
1668,141,144
1669,141,141
1670,141,141
1671,141,144
1672,141,147
1673,141,175
1674,141,141
1675,141,148
1676,141,145
1677,141,144
1678,141,148
1679,141,175
1680,141,142
1681,142,175
1682,142,142
1683,142,158
1684,142,144
1685,142,156
1686,142,142
1687,142,147
1688,142,142
1689,142,144
1690,142,148
1691,142,168
1692,142,147
1693,142,142
1694,142,166
1695,142,148
1696,142,142
1697,142,142
1698,143,175
1699,143,147
1700,143,145
1701,143,175
1702,143,175
1703,143,145
1704,143,175
1705,143,147
1706,143,144
1707,143,144
1708,143,161
1709,143,175
1710,143,175
1711,143,144
1712,144,144
1713,144,144
1714,144,168
1715,144,144
1716,144,144
1717,144,145
1718,144,172
1719,144,150
1720,144,144
1721,144,144
1722,144,147
1723,144,144
1724,144,144
1725,144,144
1726,144,144
1727,144,175
1728,144,144
1729,144,144
1730,144,144
1731,144,144
1732,144,144
1733,144,144
1734,144,144
1735,144,144
1736,144,175
1737,144,144
1738,144,150
1739,144,144
1740,144,144
1741,144,146
1742,144,144
1743,144,162
1744,144,145
1745,145,145
1746,145,158
1747,145,152
1748,145,147
1749,145,146
1750,145,157
1751,145,170
1752,145,145
1753,145,145
1754,146,175
1755,146,147
1756,146,146
1757,146,147
1758,146,147
1759,146,146
1760,146,146
1761,146,148
1762,146,153
1763,146,150
1764,146,152
1765,146,147
1766,146,175
1767,146,175
1768,146,170
1769,146,146
1770,146,175
1771,146,167
1772,146,175
1773,147,175
1774,147,175
1775,147,147
1776,147,147
1777,147,150
1778,147,175
1779,147,147
1780,147,175
1781,147,147
1782,147,152
1783,147,147
1784,147,147
1785,147,147
1786,147,154
1787,147,147
1788,147,175
1789,147,147
1790,147,175
1791,147,150
1792,147,150
1793,147,161
1794,148,154
1795,148,175
1796,148,175
1797,148,148
1798,148,175
1799,148,175
1800,149,169
1801,149,149
1802,149,149
1803,149,175
1804,149,164
1805,149,154
1806,149,175
1807,149,149
1808,149,150
1809,149,170
1810,149,154
1811,149,154
1812,150,175
1813,150,150
1814,150,152
1815,150,150
1816,150,175
1817,150,151
1818,150,153
1819,150,154
1820,150,157
1821,150,164
1822,150,155
1823,150,150
1824,150,157
1825,150,150
1826,150,150
1827,150,150
1828,150,170
1829,150,150
1830,150,175
1831,150,175
1832,150,160
1833,150,161
1834,150,175
1835,150,152
1836,150,150
1837,150,150
1838,150,152
1839,150,155
1840,150,154
1841,150,154
1842,150,168
1843,150,175
1844,150,155
1845,150,150
1846,150,150
1847,150,150
1848,150,175
1849,150,152
1850,150,152
1851,150,150
1852,150,152
1853,150,153
1854,150,164
1855,150,150
1856,151,151
1857,151,175
1858,151,164
1859,151,175
1860,151,154
1861,151,151
1862,151,170
1863,151,160
1864,151,160
1865,151,159
1866,152,155
1867,152,175
1868,152,154
1869,152,152
1870,152,175
1871,152,152
1872,152,152
1873,152,152
1874,152,152
1875,152,175
1876,152,152
1877,152,154
1878,152,152
1879,152,152
1880,152,152
1881,152,155
1882,152,152
1883,152,160
1884,152,152
1885,152,167
1886,152,175
1887,152,175
1888,152,154
1889,152,152
1890,152,153
1891,152,152
1892,152,175
1893,152,152
1894,152,152
1895,152,175
1896,152,161
1897,152,152
1898,152,152
1899,152,152
1900,152,160
1901,152,160
1902,152,152
1903,152,160
1904,152,152
1905,152,152
1906,152,152
1907,152,152
1908,152,175
1909,152,152
1910,152,171
1911,152,157
1912,152,158
1913,152,152
1914,152,175
1915,152,152
1916,152,152
1917,152,153
1918,152,161
1919,152,175
1920,152,162
1921,152,152
1922,152,175
1923,152,152
1924,152,152
1925,152,175
1926,152,175
1927,152,156
1928,152,155
1929,152,152
1930,153,162
1931,153,175
1932,153,163
1933,153,155
1934,153,154
1935,153,154
1936,153,154
1937,153,156
1938,153,159
1939,153,160
1940,154,157
1941,154,154
1942,154,166
1943,154,158
1944,154,158
1945,154,154
1946,154,154
1947,154,154
1948,154,154
1949,154,154
1950,154,154
1951,154,160
1952,154,160
1953,154,175
1954,154,172
1955,154,154
1956,154,154
1957,154,154
1958,154,160
1959,154,154
1960,154,160
1961,154,159
1962,154,160
1963,154,155
1964,154,155
1965,154,175
1966,154,175
1967,154,154
1968,154,154
1969,154,166
1970,154,175
1971,154,156
1972,154,160
1973,155,156
1974,155,175
1975,155,175
1976,155,166
1977,155,161
1978,155,156
1979,155,164
1980,155,175
1981,155,161
1982,155,155
1983,155,156
1984,156,160
1985,156,156
1986,156,170
1987,156,160
1988,156,156
1989,156,161
1990,156,156
1991,156,175
1992,156,175
1993,156,157
1994,156,157
1995,156,168
1996,156,174
1997,157,159
1998,157,175
1999,157,162
2000,157,157
2001,157,174
2002,157,161
2003,157,170
2004,157,157
2005,157,160
2006,157,175
2007,157,166
2008,157,157
2009,157,157
2010,157,168
2011,157,166
2012,157,170
2013,157,160
2014,157,157
2015,157,162
2016,157,160
2017,158,164
2018,158,160
2019,158,159
2020,158,158
2021,158,159
2022,158,160
2023,158,158
2024,158,159
2025,158,166
2026,158,158
2027,158,160
2028,158,158
2029,158,163
2030,158,158
2031,158,175
2032,158,158
2033,158,158
2034,158,160
2035,158,160
2036,158,175
2037,158,161
2038,159,168
2039,159,160
2040,159,161
2041,159,175
2042,159,159
2043,159,168
2044,159,164
2045,159,159
2046,159,159
2047,159,159
2048,159,160
2049,159,161
2050,159,164
2051,159,162
2052,159,160
2053,159,161
2054,159,159
2055,159,160
2056,159,160
2057,159,166
2058,159,160
2059,159,160
2060,159,160
2061,160,165
2062,160,160
2063,160,161
2064,160,160
2065,160,160
2066,160,160
2067,160,175
2068,160,160
2069,160,160
2070,160,160
2071,160,160
2072,160,160
2073,160,160
2074,160,160
2075,160,166
2076,160,160
2077,160,160
2078,160,160
2079,160,160
2080,160,160
2081,161,175
2082,161,175
2083,162,168
2084,162,166
2085,162,175
2086,162,167
2087,162,162
2088,162,175
2089,162,166
2090,162,166
2091,162,168
2092,162,163
2093,162,163
2094,162,164
2095,162,164
2096,162,166
2097,162,164
2098,162,164
2099,162,162
2100,162,175
2101,162,164
2102,162,164
2103,162,164
2104,162,166
2105,163,175
2106,163,165
2107,163,175
2108,163,164
2109,163,166
2110,163,175
2111,163,166
2112,163,163
2113,163,170
2114,163,166
2115,163,164
2116,163,163
2117,163,175
2118,163,175
2119,163,163
2120,163,174
2121,163,164
2122,163,166
2123,163,164
2124,163,163
2125,163,175
2126,163,165
2127,163,166
2128,163,164
2129,163,163
2130,163,163
2131,163,164
2132,163,163
2133,163,164
2134,163,163
2135,163,174
2136,163,163
2137,163,163
2138,163,166
2139,163,164
2140,164,169
2141,164,164
2142,164,165
2143,164,175
2144,164,166
2145,164,164
2146,164,165
2147,164,175
2148,164,164
2149,164,170
2150,164,164
2151,164,165
2152,164,164
2153,164,168
2154,164,164
2155,164,166
2156,164,170
2157,164,164
2158,164,164
2159,164,164
2160,164,164
2161,164,164
2162,164,164
2163,164,174
2164,164,175
2165,164,175
2166,164,175
2167,164,164
2168,164,175
2169,164,168
2170,165,168
2171,165,166
2172,165,166
2173,165,168
2174,165,166
2175,165,175
2176,165,166
2177,165,165
2178,165,165
2179,165,172
2180,166,166
2181,166,166
2182,166,166
2183,166,168
2184,166,166
2185,166,168
2186,166,168
2187,166,166
2188,166,166
2189,166,166
2190,166,168
2191,166,175
2192,166,175
2193,166,166
2194,166,166
2195,166,166
2196,166,166
2197,166,175
2198,166,172
2199,166,166
2200,166,175
2201,166,166
2202,166,166
2203,166,166
2204,166,168
2205,167,168
2206,167,168
2207,167,175
2208,167,175
2209,167,175
2210,168,168
2211,168,175
2212,168,174
2213,168,168
2214,168,175
2215,168,168
2216,168,175
2217,168,168
2218,168,170
2219,168,168
2220,168,168
2221,168,172
2222,168,168
2223,168,168
2224,168,174
2225,168,170
2226,168,168
2227,168,168
2228,168,171
2229,168,168
2230,168,168
2231,168,168
2232,168,168
2233,168,175
2234,168,169
2235,168,168
2236,168,175
2237,168,168
2238,168,170
2239,168,168
2240,168,168
2241,168,170
2242,168,168
2243,168,168
2244,168,168
2245,168,175
2246,168,168
2247,168,168
2248,168,175
2249,168,174
2250,168,168
2251,168,168
2252,168,168
2253,168,168
2254,168,174
2255,168,175
2256,168,175
2257,168,168
2258,168,172
2259,168,168
2260,168,168
2261,168,168
2262,168,168
2263,168,168
2264,168,168
2265,168,168
2266,168,173
2267,168,168
2268,169,170
2269,169,175
2270,169,170
2271,169,170
2272,169,170
2273,170,170
2274,170,170
2275,170,170
2276,170,170
2277,170,170
2278,170,175
2279,170,170
2280,170,170
2281,170,175
2282,170,170
2283,170,175
2284,170,170
2285,170,174
2286,170,175
2287,170,174
2288,170,170
2289,170,170
2290,170,175
2291,170,174
2292,170,175
2293,170,171
2294,170,171
2295,170,170
2296,170,175
2297,170,170
2298,170,170
2299,170,170
2300,170,175
2301,170,170
2302,170,171
2303,170,170
2304,170,175
2305,170,170
2306,170,175
2307,170,170
2308,170,170
2309,170,171
2310,170,175
2311,170,172
2312,170,170
2313,170,170
2314,170,175
2315,170,171
2316,170,175
2317,170,172
2318,170,170
2319,170,171
2320,170,170
2321,170,170
2322,170,175
2323,170,170
2324,170,175
2325,170,170
2326,170,170
2327,170,172
2328,170,170
2329,170,174
2330,171,172
2331,171,172
2332,171,174
2333,171,172
2334,171,171
2335,171,171
2336,171,171
2337,171,172
2338,171,175
2339,171,171
2340,171,171
2341,172,175
2342,172,175
2343,172,173
2344,172,174
2345,172,175
2346,172,174
2347,172,174
2348,172,175
2349,172,175
2350,172,175
2351,172,175
2352,172,174
2353,172,175
2354,172,172
2355,172,175
2356,173,174
2357,173,175
2358,173,175
2359,173,174
2360,173,173
2361,173,174
2362,173,175
2363,173,174
2364,173,175
2365,173,175
2366,173,173
2367,173,174
2368,173,175
2369,173,175
2370,173,174
2371,173,175
2372,173,173
2373,173,174
2374,173,173
2375,173,173
2376,173,173
2377,174,175
2378,174,175
2379,174,174
2380,174,174
2381,174,175
2382,174,174
2383,174,175
2384,174,174
2385,174,174
2386,174,174
2387,174,174
2388,174,174
2389,174,175
2390,174,175
2391,174,174
2392,174,174
2393,174,175
2394,174,174
2395,174,174
2396,174,174
2397,174,174
2398,174,175
2399,174,175
2400,174,174
2401,174,174
2402,174,175
2403,174,175
2404,174,174
2405,174,174
2406,174,175
2407,174,174
2408,174,174
2409,174,174
2410,174,174
2411,174,174
2412,174,174
2413,174,174
2414,174,174
2415,174,174
2416,174,174
2417,175,175
2418,175,175
2419,175,175
